id,gender,SeniorCitizen,Partner,Dependents,tenure,PhoneService,MultipleLines,InternetService,OnlineSecurity,OnlineBackup,DeviceProtection,TechSupport,StreamingTV,StreamingMovies,Contract,PaperlessBilling,PaymentMethod,MonthlyCharges,TotalCharges
594205,Male,0,Yes,Yes,54,Yes,No,Fiber optic,No,No,No,No,No,Yes,One year,Yes,Credit card (automatic),80.55,4676.7
594206,Male,1,Yes,No,60,Yes,Yes,Fiber optic,No,Yes,Yes,No,Yes,Yes,One year,Yes,Mailed check,106.05,6688.05
594207,Male,1,No,No,12,Yes,Yes,Fiber optic,No,Yes,No,No,No,Yes,Month-to-month,Yes,Electronic check,85.35,1133.95
594208,Male,0,No,No,41,Yes,No,No,No internet service,No internet service,No internet service,No internet service,No internet service,No internet service,Two year,Yes,Mailed check,19.6,845.25
594209,Male,0,Yes,Yes,16,Yes,No,No,No internet service,No internet service,No internet service,No internet service,No internet service,No internet service,Month-to-month,No,Mailed check,20.8,275.7
594210,Male,0,Yes,No,18,Yes,Yes,Fiber optic,No,Yes,No,No,No,No,Month-to-month,Yes,Electronic check,79.6,1553.75
594211,Female,0,Yes,Yes,48,Yes,No,No,No internet service,No internet service,No internet service,No internet service,No internet service,No internet service,Two year,No,Electronic check,20.2,1103.95
594212,Female,0,No,No,2,Yes,Yes,Fiber optic,No,No,No,Yes,Yes,No,Month-to-month,Yes,Electronic check,89.55,190.25
594213,Male,0,No,No,46,Yes,Yes,Fiber optic,No,Yes,No,No,Yes,No,Month-to-month,No,Electronic check,90.6,4600.7
594214,Female,0,No,No,41,Yes,No,No,No internet service,No internet service,No internet service,No internet service,No internet service,No internet service,Two year,No,Mailed check,20.25,865.1
594215,Male,1,No,No,16,Yes,Yes,Fiber optic,No,No,No,No,No,No,Month-to-month,Yes,Electronic check,74.9,1266.5
594216,Male,0,No,No,46,No,No phone service,DSL,Yes,Yes,Yes,No,No,No,Two year,No,Credit card (automatic),40.65,2236.2
594217,Female,0,No,No,1,Yes,No,Fiber optic,No,No,Yes,No,Yes,Yes,Month-to-month,Yes,Electronic check,88.45,88.45
594218,Male,0,No,Yes,3,Yes,No,No,No internet service,No internet service,No internet service,No internet service,No internet service,No internet service,Month-to-month,Yes,Mailed check,19.95,44.75
594219,Female,0,Yes,No,25,Yes,No,Fiber optic,No,No,No,No,No,No,Month-to-month,Yes,Electronic check,70.65,1710.7
594220,Male,0,Yes,Yes,56,Yes,Yes,No,No internet service,No internet service,No internet service,No internet service,No internet service,No internet service,Two year,No,Mailed check,25.5,1396.6
594221,Female,0,Yes,Yes,26,Yes,No,DSL,No,No,No,No,Yes,No,One year,No,Mailed check,54.5,1253.9